date,sentiment_score
2020-01-01,0.6276160343395101
2020-01-02,-0.33944466798157524
2020-01-03,0.5087254004073936
2020-01-04,0.7954526533404727
2020-01-05,-0.8331957854144114
2020-01-06,0.030745023452624975
2020-01-07,-0.06042519343329622
2020-01-08,-0.22118517581462704
2020-01-09,0.004561339693058386
2020-01-10,0.009478733957353214
2020-01-11,0.814075155131581
2020-01-12,-0.1718343742042232
2020-01-13,0.6985622031093419
2020-01-14,-0.4292547392389039
2020-01-15,0.6955397645684698
2020-01-16,0.4799024731468067
2020-01-17,-0.6700931507553789
2020-01-18,-0.5338623031264507
2020-01-19,0.7154871774674381
2020-01-20,0.49311320652650537
2020-01-21,0.2571130102450323
2020-01-22,-0.992024517659815
2020-01-23,0.7345864988023383
2020-01-24,-0.10858815018085277
2020-01-25,0.9615428081115802
2020-01-26,-0.3741513390515654
2020-01-27,0.5308956223187442
2020-01-28,-0.4648572560899962
2020-01-29,-0.9128427289542258
2020-01-30,-0.8186599077229786
2020-01-31,0.9871165313901307
2020-02-01,0.7876260271240825
2020-02-02,-0.08502938137826899
2020-02-03,0.2086675257840367
2020-02-04,0.18611065929467863
2020-02-05,0.15977134708173168
2020-02-06,-0.9106118061920812
2020-02-07,-0.8584015056600642
2020-02-08,-0.2577399404329279
2020-02-09,0.8201875398762701
2020-02-10,-0.5327781467394037
2020-02-11,-0.9881747516777002
2020-02-12,-0.9617681023180937
2020-02-13,0.020983292493908623
2020-02-14,0.2550821764560942
2020-02-15,-0.6142252572396507
2020-02-16,0.6050135717552694
2020-02-17,-0.8921948601028848
2020-02-18,-0.34386324623954145
2020-02-19,0.587910145909412
2020-02-20,0.41445301186143135
2020-02-21,-0.4105477846972143
2020-02-22,-0.6371511927058604
2020-02-23,0.32943407750768294
2020-02-24,0.7722214783325887
2020-02-25,-0.5256340750296644
2020-02-26,-0.5797264932049457
2020-02-27,-0.6434175506745536
2020-02-28,0.7753775222860753
2020-02-29,-0.9917090122191385
2020-03-01,-0.28315985658705567
2020-03-02,0.22758325582606065
2020-03-03,-0.3721759820264534
2020-03-04,0.1789363074481769
2020-03-05,-0.061236966041388285
2020-03-06,0.14605981315809835
2020-03-07,0.39221866283971707
2020-03-08,0.8738312184147803
2020-03-09,0.3137581038894457
2020-03-10,0.9822131879034501
2020-03-11,0.27988270356799183
2020-03-12,0.9418680901161258
2020-03-13,0.7800205442212251
2020-03-14,0.3769555417483583
2020-03-15,-0.18787787317197857
2020-03-16,-0.2667044410478685
2020-03-17,-0.6635688223057574
2020-03-18,-0.9989127049711259
2020-03-19,0.84490147523402
2020-03-20,-0.5439721215162385
2020-03-21,0.3886922278284768
2020-03-22,-0.5225543545269442
2020-03-23,0.9719406288758272
2020-03-24,0.2888085431860976
2020-03-25,-0.6771912615535036
2020-03-26,-0.835910222298613
2020-03-27,0.27187073314506116
2020-03-28,0.5024578811075922
2020-03-29,0.6788029763824344
2020-03-30,-0.7293695770751971
2020-03-31,-0.18919574722105548
2020-04-01,0.047214541528076914
2020-04-02,0.9739542839493631
2020-04-03,0.144122041256606
2020-04-04,-0.14830205655502215
2020-04-05,-0.13247495740301996
2020-04-06,0.20445836882834523
2020-04-07,0.8673717020899141
2020-04-08,-0.9567787858711345
2020-04-09,0.27871364463657233
2020-04-10,0.3295654113837667
2020-04-11,-0.5367398702283364
2020-04-12,-0.6028378583738339
2020-04-13,0.3539881626292398
2020-04-14,-0.4027237036118849
2020-04-15,0.11136006898832052
2020-04-16,-0.2896319542747694
2020-04-17,0.026343864169418252
2020-04-18,-0.040870549320078275
2020-04-19,-0.6382698350085154
2020-04-20,0.49568389427861503
2020-04-21,0.5240122199731179
2020-04-22,-0.32520923720232253
2020-04-23,-0.523436452618441
2020-04-24,0.24188971009244065
2020-04-25,-0.14131867950523458
2020-04-26,0.36556496225247126
2020-04-27,-0.5529054159946878
2020-04-28,0.028440853184324544
2020-04-29,0.43352649334410365
2020-04-30,0.7274157962459449
2020-05-01,0.776273782121597
2020-05-02,0.1173844216139095
2020-05-03,-0.531512162956429
2020-05-04,-0.4586120149262378
2020-05-05,0.26705633729272193
2020-05-06,-0.9784639334771315
2020-05-07,0.06387359970696393
2020-05-08,-0.7746740099507832
2020-05-09,-0.8731041992458617
2020-05-10,-0.03539694703098206
2020-05-11,0.4241035924911838
2020-05-12,-0.5029816369055913
2020-05-13,0.35844845829686345
2020-05-14,-0.349065270321695
2020-05-15,-0.23710975353539032
2020-05-16,-0.4433231484318563
2020-05-17,-0.8226031195546313
2020-05-18,0.4363550984102287
2020-05-19,-0.5746446101929095
2020-05-20,-0.34728370191194546
2020-05-21,-0.4440128683844471
2020-05-22,0.19975841132301086
2020-05-23,-0.10427923689226959
2020-05-24,-0.4682645225383566
2020-05-25,-0.7979374567080382
2020-05-26,0.08769310945079556
2020-05-27,-0.3462063784275726
2020-05-28,0.3177011468575428
2020-05-29,-0.6879927348070083
2020-05-30,-0.9761066399845695
2020-05-31,-0.594990252159735
2020-06-01,-0.2674229558054426
2020-06-02,0.20851761364322008
2020-06-03,0.11191264186525851
2020-06-04,-0.39260304006136804
2020-06-05,0.29454191165629906
2020-06-06,-0.9308839438122141
2020-06-07,-0.5332088940047444
2020-06-08,-0.3422690370764736
2020-06-09,-0.97134425574148
2020-06-10,-0.28099297646271304
2020-06-11,-0.5295174602363406
2020-06-12,-0.8002807434574468
2020-06-13,0.1442153532440793
2020-06-14,-0.2560559642095359
2020-06-15,-0.251283607932951
2020-06-16,0.7049964849213513
2020-06-17,-0.9170295705568616
2020-06-18,-0.06101721675490146
2020-06-19,0.5318854737620369
2020-06-20,-0.045476207493463594
2020-06-21,-0.150008712963555
2020-06-22,-0.11472882363029058
2020-06-23,0.9170999292020459
2020-06-24,-0.8837751938865706
2020-06-25,-0.009866742668613426
2020-06-26,0.4952962214410219
2020-06-27,-0.49961888542350463
2020-06-28,0.7679532851004145
2020-06-29,0.20233874412389463
2020-06-30,0.48997192309029125
2020-07-01,0.050511536999253925
2020-07-02,-0.6402505571424673
2020-07-03,0.5778946774573004
2020-07-04,0.9237926036751698
2020-07-05,0.21564729260235516
2020-07-06,-0.8867643830246978
2020-07-07,-0.7038530654508701
2020-07-08,-0.6564726146061033
2020-07-09,-0.42843382995041135
2020-07-10,0.8130773435210983
2020-07-11,-0.44823368214780346
2020-07-12,-0.02453554545433545
2020-07-13,0.8872514654472003
2020-07-14,0.3133412650653622
2020-07-15,0.1988519192972571
2020-07-16,-0.9871690727982629
2020-07-17,0.2208351190367861
2020-07-18,-0.8921566568428627
2020-07-19,-0.3048498112680913
2020-07-20,0.8887212988004798
2020-07-21,-0.8495899171673702
2020-07-22,-0.9703464688895171
2020-07-23,0.3496547701761774
2020-07-24,0.5848789472574853
2020-07-25,0.9380912470858069
2020-07-26,-0.782979306574626
2020-07-27,0.9976937425766466
2020-07-28,-0.21778005267176503
2020-07-29,0.6863011842300444
2020-07-30,-0.5233119739093548
2020-07-31,-0.4505574748644994
2020-08-01,0.5469026798978518
2020-08-02,-0.6719617571483851
2020-08-03,0.6982888491318628
2020-08-04,-0.33643916085551084
2020-08-05,0.3155251250129574
2020-08-06,0.03393857496209818
2020-08-07,-0.3442581229590804
2020-08-08,0.8775054078816322
2020-08-09,-0.3647677088042831
2020-08-10,-0.4999616879497579
2020-08-11,0.4832661814893795
2020-08-12,0.7617944546892823
2020-08-13,-0.7145121637780727
2020-08-14,0.38984039059341025
2020-08-15,-0.04012047361178772
2020-08-16,-0.32471444509094827
2020-08-17,-0.16002071226695036
2020-08-18,0.9208223529839277
2020-08-19,-0.8742427230452225
2020-08-20,-0.3304306201354452
2020-08-21,-0.9317004188142279
2020-08-22,0.11584868471541943
2020-08-23,0.3255856286705887
2020-08-24,-0.16373846134541292
2020-08-25,-0.8096152824362031
2020-08-26,-0.986471473003457
2020-08-27,-0.9907287038074524
2020-08-28,-0.5405711147558425
2020-08-29,0.8996615257079867
2020-08-30,0.06110421255705223
2020-08-31,0.8292704307209666
2020-09-01,0.8532711619675237
2020-09-02,0.20619435611278503
2020-09-03,-0.1368567239862979
2020-09-04,-0.37631378886654776
2020-09-05,0.6833987564087818
2020-09-06,0.065920153816734
2020-09-07,-0.5496833951683004
2020-09-08,-0.23511916765420748
2020-09-09,-0.18636706898228184
2020-09-10,0.47207468568421884
2020-09-11,-0.6054330864955408
2020-09-12,-0.523977741226215
2020-09-13,0.5358212534204299
2020-09-14,-0.09384451048165654
2020-09-15,0.7422263084924801
2020-09-16,0.05494935517937827
2020-09-17,-0.16343100281470413
2020-09-18,0.16734644182592184
2020-09-19,-0.1765127553645096
2020-09-20,-0.7092367744297694
2020-09-21,-0.47903962196348693
2020-09-22,0.8940218745922766
2020-09-23,-0.09880722507705575
2020-09-24,-0.9637572427624672
2020-09-25,-0.9370046522741471
2020-09-26,-0.3141870248191321
2020-09-27,0.6701607778259753
2020-09-28,-0.38605335584941347
2020-09-29,0.8519779384083035
2020-09-30,-0.16738731767866044
2020-10-01,0.41629604115061913
2020-10-02,0.8388225474240827
2020-10-03,0.8030881668126042
2020-10-04,0.07951915588357039
2020-10-05,-0.16921508279934616
2020-10-06,-0.8661535547980788
2020-10-07,-0.7974763871103241
2020-10-08,0.6213605929980395
2020-10-09,0.0696923473095521
2020-10-10,-0.19527525520360234
2020-10-11,0.3948737638715898
2020-10-12,-0.6831234207330337
2020-10-13,0.42619202548721047
2020-10-14,-0.9747574659133478
2020-10-15,0.6839929822326014
2020-10-16,-0.1416970328091096
2020-10-17,0.3432600674886719
2020-10-18,0.1689883638880858
2020-10-19,-0.01925143076967295
2020-10-20,-0.48233775765456666
2020-10-21,0.7398571498652862
2020-10-22,-0.18181275083304627
2020-10-23,-0.39784289236314274
2020-10-24,-0.6111472601077277
2020-10-25,-0.9795015270752061
2020-10-26,0.7962022250389333
2020-10-27,0.2932575793992125
2020-10-28,0.4824206899437482
2020-10-29,-0.5169737513720638
2020-10-30,0.05176831603579091
2020-10-31,0.32351493587970204
2020-11-01,-0.548538483962558
2020-11-02,-0.21611813255380974
2020-11-03,0.17882192898562765
2020-11-04,-0.7285135325996253
2020-11-05,0.5058060114206191
2020-11-06,-0.7997356152193285
2020-11-07,0.35854392470644236
2020-11-08,0.6482489227304393
2020-11-09,-0.8682620697374976
2020-11-10,-0.657947292420799
2020-11-11,-0.6098376338890041
2020-11-12,0.17982044230841288
2020-11-13,-0.5706668466495
2020-11-14,0.23961738274300215
2020-11-15,-0.4839505481323909
2020-11-16,-0.19419370651977075
2020-11-17,-0.08540105723429225
2020-11-18,-0.8722600742291162
2020-11-19,-0.17799382670007047
2020-11-20,-0.8614034328575515
2020-11-21,0.8428559862523699
2020-11-22,-0.40250319275773316
2020-11-23,-0.7247273709198037
2020-11-24,0.6419446459532148
2020-11-25,0.4980507268225316
2020-11-26,-0.4982596936137893
2020-11-27,-0.6992806341625626
2020-11-28,0.8474479976113449
2020-11-29,0.9897440488179869
2020-11-30,-0.47681444177859156
2020-12-01,0.3180716378498778
2020-12-02,0.06980451714294045
2020-12-03,0.8511199199331814
2020-12-04,-0.40408350339763377
2020-12-05,-0.1741169363961761
2020-12-06,-0.4819267077523208
2020-12-07,-0.5830639544764857
2020-12-08,0.8418765773774155
2020-12-09,0.7524304249276252
2020-12-10,-0.21135649806455925
2020-12-11,0.9529365529695955
2020-12-12,-0.5992085188009895
2020-12-13,-0.7993929582882227
2020-12-14,0.09691088046860119
2020-12-15,-0.19667536472302127
2020-12-16,-0.1302635344064127
2020-12-17,-0.8161400417595037
2020-12-18,0.5150904100116755
2020-12-19,0.16300814357299065
2020-12-20,-0.6361586788209801
2020-12-21,-0.30607538398840717
2020-12-22,0.5475208616452196
2020-12-23,-0.012336724075449057
2020-12-24,-0.5009771028337109
2020-12-25,0.3258287738413834
2020-12-26,-0.11908121559690588
2020-12-27,0.5159693994164187
2020-12-28,0.38189267183862907
2020-12-29,0.44317462019110154
2020-12-30,0.43899517670540544
2020-12-31,0.012957728711465943
2021-01-01,-0.0825706309542158
2021-01-02,0.44611144607940045
2021-01-03,0.9858015951840065
2021-01-04,-0.6973768270036125
2021-01-05,-0.6796721140343767
2021-01-06,-0.09013904258818561
2021-01-07,-0.8476909791118843
2021-01-08,0.5405393263485332
2021-01-09,0.9115789722042293
2021-01-10,-0.523934689440511
2021-01-11,-0.7441781554879854
2021-01-12,0.3487463836497886
2021-01-13,-0.8155710680490169
2021-01-14,0.09638816236987724
2021-01-15,-0.1264621837795481
2021-01-16,-0.683867638650465
2021-01-17,-0.41561481625404695
2021-01-18,-0.6329187602516411
2021-01-19,-0.9916697260202516
2021-01-20,-0.7951763354694699
2021-01-21,0.5674699297912407
2021-01-22,0.40834877862279795
2021-01-23,0.23333320373955213
2021-01-24,-0.9459441661025807
2021-01-25,-0.5944468908857097
2021-01-26,0.8495077451023985
2021-01-27,0.9088745423391702
2021-01-28,0.4903093618223633
2021-01-29,0.25240938561196025
2021-01-30,-0.5117147017556007
2021-01-31,-0.9603347255724224
2021-02-01,-0.6208970923189914
2021-02-02,0.5560076099675826
2021-02-03,0.19486498776144945
2021-02-04,0.1093066049650222
2021-02-05,0.7883446968932804
2021-02-06,-0.6916269907676404
2021-02-07,0.5315032540666089
2021-02-08,0.8226097858281305
2021-02-09,0.6561216189305432
2021-02-10,0.184847336351037
2021-02-11,-0.4003480577131997
2021-02-12,-0.3641055741717554
2021-02-13,0.6131706565749362
2021-02-14,-0.5402835031004973
2021-02-15,-0.5373354277704483
2021-02-16,-0.9039876985561219
2021-02-17,0.30433671897660086
2021-02-18,-0.2468073592917166
2021-02-19,0.6937568186070846
2021-02-20,0.8462710950270211
2021-02-21,0.3388034077201598
2021-02-22,-0.489163595818759
2021-02-23,-0.026672503485429155
2021-02-24,0.6354274008841729
2021-02-25,-0.7215431466400473
2021-02-26,-0.7786643468330885
2021-02-27,0.4369881629251142
2021-02-28,0.5644919354412075
2021-03-01,0.3655600248917388
2021-03-02,-0.5956639488960855
2021-03-03,-0.14727548320678419
2021-03-04,0.958163359999092
2021-03-05,0.9828399238056158
2021-03-06,-0.11507777689796694
2021-03-07,-0.6128074423324574
2021-03-08,-0.4851200156719333
2021-03-09,-0.4416030727307927
2021-03-10,-0.7060727906114397
2021-03-11,0.2575774631420278
2021-03-12,0.4423233925197416
2021-03-13,0.7005498324079209
2021-03-14,0.8546855668448698
2021-03-15,0.8615094046694098
2021-03-16,0.6966093695051847
2021-03-17,0.8867347132776915
2021-03-18,-0.7165514365809005
2021-03-19,-0.42058098249240916
2021-03-20,0.7889536995946829
2021-03-21,-0.05119184904670937
2021-03-22,-0.04851922746789783
2021-03-23,0.937843221710231
2021-03-24,-0.6024823958512906
2021-03-25,-0.4376257979585505
2021-03-26,0.4167362097708236
2021-03-27,-0.9778357385404759
2021-03-28,-0.6814912562295545
2021-03-29,0.8705303017440511
2021-03-30,0.4474521235141735
2021-03-31,-0.6445536870956452
2021-04-01,0.05497000847469358
2021-04-02,0.1171081786260244
2021-04-03,-0.31355179061142535
2021-04-04,0.16545677183902363
2021-04-05,-0.03418939741118421
2021-04-06,0.4219764872527816
2021-04-07,-0.7576822809453234
2021-04-08,0.4199246159430188
2021-04-09,0.5044815375290888
2021-04-10,-0.23098982930419143
2021-04-11,0.21453310640610312
2021-04-12,0.44165183298511956
2021-04-13,-0.40991734233750954
2021-04-14,-0.5106888435556391
2021-04-15,-0.7564287235372249
2021-04-16,0.5589980598699282
2021-04-17,-0.20847278119170753
2021-04-18,0.9603284570676838
2021-04-19,-0.2273977279720878
2021-04-20,-0.6238453163376194
2021-04-21,-0.2650901295226811
2021-04-22,0.6510018060112956
2021-04-23,-0.957842733447404
2021-04-24,-0.46262048898099395
2021-04-25,-0.2771504142182566
2021-04-26,-0.11171333193540112
2021-04-27,-0.945729342882768
2021-04-28,0.5047001302987564
2021-04-29,-0.7730163252653754
2021-04-30,-0.022834444607064297
2021-05-01,-0.2441307761254925
2021-05-02,-0.6533110356181686
2021-05-03,0.9600011097757863
2021-05-04,-0.6973321588014585
2021-05-05,-0.15631060449755663
2021-05-06,0.603760673789252
2021-05-07,0.5145840158183246
2021-05-08,0.11740169144595947
2021-05-09,-0.795252722026133
2021-05-10,-0.4119485148340718
2021-05-11,-0.5025761612103672
2021-05-12,-0.20034385283132794
2021-05-13,0.9552170691363617
2021-05-14,0.6877612096406485
2021-05-15,0.22283511543894652
2021-05-16,0.6365001253960922
2021-05-17,0.25153945411770806
2021-05-18,-0.28835047215125353
2021-05-19,-0.08329836614139441
2021-05-20,-0.4702716507921547
2021-05-21,0.6469583358107627
2021-05-22,0.25182341406712805
2021-05-23,0.05637733815144341
2021-05-24,-0.03146202475528326
2021-05-25,0.1532333171890683
2021-05-26,0.11830334407541199
2021-05-27,-0.977659600274059
2021-05-28,0.8523637928035512
2021-05-29,0.6717295105872401
2021-05-30,-0.7589812791856676
2021-05-31,0.24103708547860125
2021-06-01,0.4912438804424859
2021-06-02,-0.23378573664674085
2021-06-03,0.42764919532922896
2021-06-04,0.9023602179843546
2021-06-05,-0.42753536484100296
2021-06-06,-0.528503878327256
2021-06-07,0.17485799200544205
2021-06-08,0.5842240267648695
2021-06-09,0.5062786608281584
2021-06-10,0.2277205317189026
2021-06-11,-0.40982411425915033
2021-06-12,-0.7872989666754098
2021-06-13,0.9515399892953922
2021-06-14,0.6988537598219882
2021-06-15,-0.9836937371742527
2021-06-16,0.40776371638762177
2021-06-17,-0.504678130862058
2021-06-18,0.6877898561119802
2021-06-19,0.5430040869692143
2021-06-20,0.5774316173030225
2021-06-21,0.3070631425190786
2021-06-22,-0.8196050175427989
2021-06-23,-0.739798144448214
2021-06-24,-0.9939390461439013
2021-06-25,0.24245542611130322
2021-06-26,-0.22674295795495047
2021-06-27,0.13519465114517937
2021-06-28,-0.6786696095333251
2021-06-29,0.7376939023801177
2021-06-30,0.7580386658710578
2021-07-01,-0.17896804150422319
2021-07-02,-0.7782224735399637
2021-07-03,-0.06923929120653116
2021-07-04,0.9182391141277833
2021-07-05,0.31325372585753586
2021-07-06,-0.15653501830145178
2021-07-07,0.6385937187101982
2021-07-08,-0.27031857427317374
2021-07-09,0.6833470875505592
2021-07-10,0.7572334852960627
2021-07-11,0.7762897314693082
2021-07-12,-0.8932879300207555
2021-07-13,0.3859728757082852
2021-07-14,0.3767925452082237
2021-07-15,-0.44969201954915894
2021-07-16,-0.03710246441519649
2021-07-17,0.17055706027500994
2021-07-18,0.8425314264234189
2021-07-19,0.8087106986159109
2021-07-20,0.2593484418827956
2021-07-21,-0.27880550314702224
2021-07-22,0.6922381390946668
2021-07-23,0.9570757485257158
2021-07-24,-0.4026670558044625
2021-07-25,-0.6955122894722305
2021-07-26,-0.03566971612633707
2021-07-27,-0.6143151430416782
2021-07-28,0.12235834543067825
2021-07-29,-0.0877266668820138
2021-07-30,-0.798941076493094
2021-07-31,0.34039778262375786
2021-08-01,-0.48631513400835913
2021-08-02,-0.18982059513598215
2021-08-03,0.18240927244956362
2021-08-04,0.5703517759549175
2021-08-05,0.34560926167039563
2021-08-06,-0.6435609246736602
2021-08-07,0.13256962679789086
2021-08-08,-0.8089687632320843
2021-08-09,-0.8737975025000899
2021-08-10,0.36762010264842493
2021-08-11,0.2310146538472313
2021-08-12,0.8679615147853994
2021-08-13,0.4884765913440181
2021-08-14,0.11007801212303692
2021-08-15,-0.05603194870586847
2021-08-16,0.13549910555392897
2021-08-17,-0.48442847276750034
2021-08-18,-0.17991524074266607
2021-08-19,0.9610059839344414
2021-08-20,0.23406737506036523
2021-08-21,0.28307990161060914
2021-08-22,0.668856640952034
2021-08-23,0.0034095110827325747
2021-08-24,-0.14997816523811403
2021-08-25,-0.08700484731943758
2021-08-26,0.9389192224446985
2021-08-27,-0.8013601073441645
2021-08-28,-0.15437581258270927
2021-08-29,0.2238495635979716
2021-08-30,-0.3068728194733459
2021-08-31,0.9802560648410992
2021-09-01,0.8617452582139078
2021-09-02,0.5832588828703578
2021-09-03,-0.769170802719485
2021-09-04,-0.9101208374938292
2021-09-05,0.22378828496882486
2021-09-06,0.7662057129217712
2021-09-07,0.8872943258185557
2021-09-08,-0.8981045256158808
2021-09-09,0.4140853070158521
2021-09-10,0.4966697847791821
2021-09-11,0.9289990919598625
2021-09-12,-0.5427744489450925
2021-09-13,-0.8493209409518812
2021-09-14,0.2781347183472276
2021-09-15,0.810321190943579
2021-09-16,0.9433319457217322
2021-09-17,-0.9482401985128919
2021-09-18,-0.5912095475890633
2021-09-19,-0.9360243061180566
2021-09-20,-0.8582880020723072
2021-09-21,-0.9242191770870603
2021-09-22,0.7187516465217036
2021-09-23,0.5842591409607116
2021-09-24,-0.11824611780769168
2021-09-25,0.3322504237217525
2021-09-26,0.0776844903554641
2021-09-27,0.3670067072198617
2021-09-28,0.27171239436214956
2021-09-29,-0.9018335117082523
2021-09-30,-0.6191680353266482
2021-10-01,0.46969022029479346
2021-10-02,0.6247119426587859
2021-10-03,0.44510590535569117
2021-10-04,-0.7245729053337604
2021-10-05,-0.48183670686065083
2021-10-06,0.9676866638615647
2021-10-07,-0.752260646903482
2021-10-08,0.4275122070687438
2021-10-09,-0.8530593890886609
2021-10-10,-0.6279448193267112
2021-10-11,-0.38781029726060545
2021-10-12,0.9861558200203024
2021-10-13,0.14209517465345867
2021-10-14,0.5544641252906075
2021-10-15,0.42360154358059887
2021-10-16,0.8573465535685907
2021-10-17,0.8110271592225202
2021-10-18,0.9205589214840029
2021-10-19,-0.47315297445998916
2021-10-20,-0.7429266905476426
2021-10-21,-0.6721095288370906
2021-10-22,-0.2740276717777874
2021-10-23,0.27507284969290535
2021-10-24,0.34554683317885315
2021-10-25,-0.9925966700376572
2021-10-26,-0.9437873786405242
2021-10-27,0.6677370651041361
2021-10-28,0.8344379126516621
2021-10-29,0.9190145763112945
2021-10-30,0.0024678467931604775
2021-10-31,-0.8749897945217873
2021-11-01,0.7473504453834601
2021-11-02,-0.7201602390998036
2021-11-03,-0.3027597367755437
2021-11-04,0.10605927354800593
2021-11-05,0.9175845303564736
2021-11-06,0.003542717437420073
2021-11-07,-0.49575595920304716
2021-11-08,0.4084792647324509
2021-11-09,-0.3572908559578607
2021-11-10,-0.7599099994888998
2021-11-11,-0.99022812317844
2021-11-12,-0.9685717798319498
2021-11-13,-0.7873628772470196
2021-11-14,-0.40158293087737396
2021-11-15,0.6098839555816347
2021-11-16,-0.5378835458423594
2021-11-17,-0.2271558643815501
2021-11-18,-0.08715245392100268
2021-11-19,-0.25530492627350854
2021-11-20,0.8393612806315591
2021-11-21,-0.4991062151033139
2021-11-22,-0.6514222273239876
2021-11-23,-0.6205001499298077
2021-11-24,-0.4601445342693151
2021-11-25,0.6496366273837582
2021-11-26,0.3107406883359156
2021-11-27,-0.7648962053148562
2021-11-28,0.9103332715554426
2021-11-29,0.4820560799862752
2021-11-30,-0.636105632244157
2021-12-01,0.04760703817357159
2021-12-02,0.09591593228753759
2021-12-03,-0.17822944101456528
2021-12-04,-0.18410506929393544
2021-12-05,-0.2126740928351969
2021-12-06,0.29562322788389905
2021-12-07,0.917796596099101
2021-12-08,0.13897954754277508
2021-12-09,0.9730143157565057
2021-12-10,-0.4862393844926767
2021-12-11,-0.14018920990199724
2021-12-12,-0.14544314201895325
2021-12-13,0.20435135920827108
2021-12-14,-0.575246209014801
2021-12-15,0.0793289279560696
2021-12-16,0.18832389845369635
2021-12-17,0.7509704285503163
2021-12-18,-0.45998170033584174
2021-12-19,-0.6497050005223048
2021-12-20,0.6590983146408878
2021-12-21,0.4440314439066477
2021-12-22,0.947122215240706
2021-12-23,0.1758731471281043
2021-12-24,0.8211669326104218
2021-12-25,-0.3377473494777956
2021-12-26,0.5266498412605016
2021-12-27,0.9347631831184975
2021-12-28,0.812733354427817
2021-12-29,0.23874854068499451
2021-12-30,0.9334924962246223
2021-12-31,-0.5619866861902665
2022-01-01,0.978247938858305
2022-01-02,-0.16655202511128087
2022-01-03,0.05267042585310855
2022-01-04,-0.7880722705577714
2022-01-05,-0.45620604947271803
2022-01-06,0.17832608705389408
2022-01-07,0.13136064129473257
2022-01-08,0.13678777347623705
2022-01-09,0.14975015896510424
2022-01-10,0.8370760219027262
2022-01-11,-0.9030796319313097
2022-01-12,0.18042443016996956
2022-01-13,-0.14279681336298777
2022-01-14,-0.11684245103344337
2022-01-15,-0.7455814232079259
2022-01-16,-0.5246044622638049
2022-01-17,0.9380136938614085
2022-01-18,-0.16145573904434496
2022-01-19,-0.759779377946461
2022-01-20,-0.04989436106982681
2022-01-21,0.3217336146062659
2022-01-22,-0.9350579495335691
2022-01-23,-0.6768561408168456
2022-01-24,0.035463153405845604
2022-01-25,0.21497758271157674
2022-01-26,-0.3247414989769466
2022-01-27,0.45880809034344594
2022-01-28,0.29607907346171514
2022-01-29,0.1512235280997598
2022-01-30,-0.4345524917969876
2022-01-31,-0.3406183096131301
2022-02-01,-0.698667512240875
2022-02-02,-0.6182275189899336
2022-02-03,-0.7853978176936327
2022-02-04,0.4776137436007555
2022-02-05,0.3593787595163964
2022-02-06,0.8651371717521117
2022-02-07,0.6520575065345418
2022-02-08,0.1203162756052556
2022-02-09,-0.35523822001996397
2022-02-10,0.9219129625437661
2022-02-11,0.8809101439874558
2022-02-12,0.05606844580756021
2022-02-13,0.8587698699084396
2022-02-14,-0.28690385568329413
2022-02-15,0.8919741781380939
2022-02-16,-0.3356121500969418
2022-02-17,0.37092308675040786
2022-02-18,0.028272162850674798
2022-02-19,-0.7947618626224697
2022-02-20,0.5382612399167315
2022-02-21,0.3874527480291323
2022-02-22,0.6399449042868781
2022-02-23,-0.9981441006102618
2022-02-24,-0.7666834843016157
2022-02-25,0.15265785135157772
2022-02-26,-0.2661160646776459
2022-02-27,-0.9236671993844923
2022-02-28,0.2866787574773426
2022-03-01,0.1993497690759496
2022-03-02,0.43808694988495134
2022-03-03,0.36724520682898354
2022-03-04,-0.7945019660480697
2022-03-05,-0.5546525695009488
2022-03-06,-0.22564479268579873
2022-03-07,-0.33375565232849924
2022-03-08,0.2554140810126344
2022-03-09,0.5428792320300173
2022-03-10,-0.19495335780040368
2022-03-11,-0.8028260472563569
2022-03-12,-0.1406154360660481
2022-03-13,0.7278723612353593
2022-03-14,-0.4482184737441619
2022-03-15,-0.3363915120367269
2022-03-16,-0.19025749417348248
2022-03-17,0.00926560059199466
2022-03-18,-0.7720469798770309
2022-03-19,0.2826153784342824
2022-03-20,-0.9384053439975519
2022-03-21,0.452921494010295
2022-03-22,0.3059951441156319
2022-03-23,0.4513611535804323
2022-03-24,0.9174137231419277
2022-03-25,-0.3504515038618239
2022-03-26,0.8328294212056884
2022-03-27,-0.6016629317772826
2022-03-28,-0.19230502883928957
2022-03-29,0.2749089196018626
2022-03-30,0.5995154271834238
2022-03-31,0.23059351452773957
2022-04-01,0.3765882751140315
2022-04-02,0.414405997397981
2022-04-03,0.026240304675572146
2022-04-04,0.5008714778677583
2022-04-05,-0.7031283340355765
2022-04-06,0.3138025496012884
2022-04-07,-0.3408413296646602
2022-04-08,0.3245059269545256
2022-04-09,0.8667513385242263
2022-04-10,0.17377744985970134
2022-04-11,-0.3339370788557998
2022-04-12,-0.46823596946904655
2022-04-13,0.0526398152617904
2022-04-14,-0.3693412026455767
2022-04-15,0.4420880176037143
2022-04-16,-0.673396918961219
2022-04-17,-0.4989007216832033
2022-04-18,-0.2769882920272213
2022-04-19,-0.7181223409809117
2022-04-20,0.10708063474775242
2022-04-21,0.5939332076224357
2022-04-22,-0.15292614971134944
2022-04-23,-0.8928474567780991
2022-04-24,-0.21149066230899494
2022-04-25,-0.5139829073492437
2022-04-26,0.6264905332286346
2022-04-27,-0.9735382061875546
2022-04-28,-0.4374582928026627
2022-04-29,0.8907313378157933
2022-04-30,-0.5140717342296304
2022-05-01,-0.36774872402634995
2022-05-02,-0.3912656277339617
2022-05-03,-0.11209724644400931
2022-05-04,0.7378725478140642
2022-05-05,-0.6269678988208913
2022-05-06,-0.2767492549219377
2022-05-07,0.14604288665979714
2022-05-08,-0.9665656578769592
2022-05-09,-0.3511004054555784
2022-05-10,0.9662476949763754
2022-05-11,-0.7009454756601112
2022-05-12,-0.8650739803310588
2022-05-13,0.9562870514899078
2022-05-14,0.49517956887758574
2022-05-15,-0.5212452862629082
2022-05-16,0.17947877386661548
2022-05-17,0.8016343520492915
2022-05-18,-0.18657780416328595
2022-05-19,-0.29749385595330513
2022-05-20,-0.6747786748759625
2022-05-21,0.31514248084424
2022-05-22,-0.9359680592334534
2022-05-23,-0.6739357105932455
2022-05-24,-0.9361570208333541
2022-05-25,0.9334634532834796
2022-05-26,-0.22669108973837426
2022-05-27,-0.9992149422080132
2022-05-28,-0.09052182947074416
2022-05-29,-0.2535206293210326
2022-05-30,0.970374826421184
2022-05-31,0.7372923211466631
2022-06-01,-0.7320793739685125
2022-06-02,0.20687016112240775
2022-06-03,0.15439243485018506
2022-06-04,0.9120627545156548
2022-06-05,-0.3695079751475676
2022-06-06,-0.7860328959068408
2022-06-07,-0.8286453165308454
2022-06-08,0.03319293726102113
2022-06-09,0.4108007278474346
2022-06-10,0.34591047405364095
2022-06-11,-0.5831029541679116
2022-06-12,-0.7976135736093821
2022-06-13,0.4989374560213291
2022-06-14,0.5974627145507776
2022-06-15,0.5151641519288346
2022-06-16,-0.33079928529379177
2022-06-17,0.3455833579275345
2022-06-18,-0.9372849121285582
2022-06-19,0.5502839076782062
2022-06-20,-0.19411971606129508
2022-06-21,-0.21333801466848823
2022-06-22,-0.4082150634358235
2022-06-23,-0.012882400661478277
2022-06-24,0.5430478931788407
2022-06-25,0.9980597764026338
2022-06-26,-0.5349595445495674
2022-06-27,0.9195371779851376
2022-06-28,0.05931421760651756
2022-06-29,0.012138771497497869
2022-06-30,-0.3041126847445772
2022-07-01,-0.8310292013813767
2022-07-02,0.9331220702943366
2022-07-03,-0.2876314600640686
2022-07-04,-0.8872604585705217
2022-07-05,0.14473257662160322
2022-07-06,-0.33434474162982664
2022-07-07,0.7377026317364297
2022-07-08,-0.6821692854891446
2022-07-09,-0.4162112202689703
2022-07-10,0.2912516309449318
2022-07-11,-0.19642603015368332
2022-07-12,-0.7517186695896343
2022-07-13,0.14230209576766573
2022-07-14,-0.38764638779887806
2022-07-15,-0.4780634282609564
2022-07-16,0.09654509276404433
2022-07-17,0.8066526399911054
2022-07-18,-0.07282914224347303
2022-07-19,-0.3914386748859189
2022-07-20,-0.2967522329019354
2022-07-21,-0.47472000278863447
2022-07-22,-0.4243792351991591
2022-07-23,-0.31134584410510957
2022-07-24,-0.6117477711233343
2022-07-25,-0.40248599448847977
2022-07-26,-0.38583087555858553
2022-07-27,0.28155010060693475
2022-07-28,-0.8980987665630649
2022-07-29,-0.5050201021082079
2022-07-30,-0.61248322821064
2022-07-31,-0.9490915186003817
2022-08-01,0.24400947389872152
2022-08-02,0.7360397239855916
2022-08-03,0.3937419390692538
2022-08-04,-0.12401617577805757
2022-08-05,0.2135521764187458
2022-08-06,0.9815716458618382
2022-08-07,-0.6606261760565717
2022-08-08,0.578506342737571
2022-08-09,-0.12262789437293464
2022-08-10,-0.5677657879941531
2022-08-11,-0.4015359078846916
2022-08-12,0.13425579241642338
2022-08-13,0.08192591952608463
2022-08-14,0.6988768117406681
2022-08-15,-0.22263544788033207
2022-08-16,-0.6212772325325147
2022-08-17,-0.4817747009137534
2022-08-18,-0.4432947620705625
2022-08-19,0.1899090103258818
2022-08-20,-0.14479108132591234
2022-08-21,0.027182921711272234
2022-08-22,-0.604329278930265
2022-08-23,-0.7779350820011461
2022-08-24,-0.5861707781447663
2022-08-25,-0.6729152019920668
2022-08-26,0.34548669575069146
2022-08-27,-0.35235247268586645
2022-08-28,0.972637360957489
2022-08-29,-0.880221601802337
2022-08-30,-0.6119972482965688
2022-08-31,0.7161045969226356
2022-09-01,0.5935405191361294
2022-09-02,0.9957815523202285
2022-09-03,-0.7448553400429001
2022-09-04,0.3026391082021951
2022-09-05,-0.39211795362257407
2022-09-06,-0.7059826314632669
2022-09-07,-0.32653141450157697
2022-09-08,-0.352697178775472
2022-09-09,-0.09254679718030157
2022-09-10,-0.7684058073852738
2022-09-11,0.6407285569427768
2022-09-12,-0.47768484049266546
2022-09-13,0.9859844860221949
2022-09-14,-0.1700823657285837
2022-09-15,-0.7530464399138384
2022-09-16,-0.4024172130196979
2022-09-17,-0.9442700400616857
2022-09-18,0.9475736330564586
2022-09-19,0.6370825253967436
2022-09-20,-0.0020639570056046885
2022-09-21,-0.5397117362601034
2022-09-22,-0.6086008525690585
2022-09-23,0.5339433651730654
2022-09-24,0.8253791693515211
2022-09-25,0.12305782446306579
2022-09-26,0.6222322620282967
2022-09-27,-0.36919285772695853
2022-09-28,0.9799564493892452
2022-09-29,-0.5872040918523118
2022-09-30,-0.3713749441337615
2022-10-01,0.37975424560436877
2022-10-02,-0.3141603765009584
2022-10-03,-0.4297655116354189
2022-10-04,0.20259480412254827
2022-10-05,0.1809034076233702
2022-10-06,-0.4087131532456276
2022-10-07,0.6055622262557279
2022-10-08,0.15673943340464036
2022-10-09,0.153417446570139
2022-10-10,-0.6285498770234506
2022-10-11,0.2610370315459096
2022-10-12,0.6381581973561352
2022-10-13,0.9902259577773278
2022-10-14,-0.052006097975690446
2022-10-15,-0.1904871275283906
2022-10-16,0.07169414061547874
2022-10-17,-0.2489683579860713
2022-10-18,0.8944357174299433
2022-10-19,-0.9768116770429018
2022-10-20,-0.6555708342263165
2022-10-21,-0.029661624646011298
2022-10-22,0.5849268104513896
2022-10-23,-0.27750381103550015
2022-10-24,0.5076905019356663
2022-10-25,0.5666388881869406
2022-10-26,0.566665034985739
2022-10-27,-0.39571363495662903
2022-10-28,0.6482936357871159
2022-10-29,-0.5615783684593691
2022-10-30,-0.520344933614395
2022-10-31,0.3888737895517289
2022-11-01,-0.7735733546198413
2022-11-02,-0.6561673177307645
2022-11-03,-0.25953362217572495
2022-11-04,0.3348009108278953
2022-11-05,0.10119908511128695
2022-11-06,0.4623870520064728
2022-11-07,0.6389107619617402
2022-11-08,-0.877886950012752
2022-11-09,-0.8265591602961877
2022-11-10,-0.43782519264433506
2022-11-11,-0.8401956393089629
2022-11-12,-0.4858231214170705
2022-11-13,-0.20554435728658493
2022-11-14,-0.39691632826567047
2022-11-15,-0.5074415660094274
2022-11-16,-0.9199454411759653
2022-11-17,0.16806849871098217
2022-11-18,-0.9082690399231343
2022-11-19,0.4684813610282881
2022-11-20,0.38518790208043496
2022-11-21,0.6717012387858854
2022-11-22,0.37612245855679194
2022-11-23,0.4742086902724236
2022-11-24,-0.2304808750759677
2022-11-25,-0.4937723943657537
2022-11-26,0.6441676028889247
2022-11-27,-0.5983135580454231
2022-11-28,0.6316347807509293
2022-11-29,0.8924597790730875
2022-11-30,0.783195746108887
2022-12-01,-0.036357843765707054
2022-12-02,0.3295267690415655
2022-12-03,-0.12654133610055363
2022-12-04,-0.5800474829150031
2022-12-05,-0.04102532244501211
2022-12-06,0.024965083400744215
2022-12-07,0.02144232645349642
2022-12-08,0.09336308830099638
2022-12-09,0.9558003264536623
2022-12-10,0.7128652553320471
2022-12-11,0.7757443582572159
2022-12-12,-0.0497834359892233
2022-12-13,-0.9455506269481284
2022-12-14,0.45236749847079083
2022-12-15,0.8506138993043177
2022-12-16,-0.6949655195791862
2022-12-17,0.8878992770941514
2022-12-18,-0.643930376782895
2022-12-19,-0.7947212395210972
2022-12-20,-0.14302391092114974
2022-12-21,0.7824454308238824
2022-12-22,-0.4592246383087557
2022-12-23,-0.8757531556792972
2022-12-24,0.5290742803218391
2022-12-25,0.9605733152825653
2022-12-26,0.964701938419662
2022-12-27,0.0357417952942809
2022-12-28,-0.23603905200042474
2022-12-29,0.6211469274679264
2022-12-30,0.525006216295399
2022-12-31,0.7733832607500379
2023-01-01,-0.5088597141334421
2023-01-02,-0.6022370009440443
2023-01-03,0.5843873305387419
2023-01-04,-0.9399870403596229
2023-01-05,0.8987305499277709
2023-01-06,0.20061475639919846
2023-01-07,-0.79484049461675
2023-01-08,-0.3496216272798205
2023-01-09,0.8070256065195383
2023-01-10,0.5198743183466392
2023-01-11,-0.04567980952499995
2023-01-12,-0.16152459931630325
2023-01-13,0.6191534270314938
2023-01-14,-0.3768565387453946
2023-01-15,-0.6145446168492088
2023-01-16,-0.5882099760431265
2023-01-17,-0.467500133424938
2023-01-18,0.29609852688255534
2023-01-19,-0.4321786184732572
2023-01-20,0.8994339520372339
2023-01-21,-0.6549112774390278
2023-01-22,-0.08609331547683463
2023-01-23,-0.6568178443954376
2023-01-24,0.2125537424801287
2023-01-25,0.13011701474796133
2023-01-26,0.9303014178104461
2023-01-27,0.26401649139804406
2023-01-28,-0.4235176323389549
2023-01-29,0.7962911831171642
2023-01-30,-0.041621170290390586
2023-01-31,0.5565634076254362
2023-02-01,0.8273078497573738
2023-02-02,0.06830460189684784
2023-02-03,0.32449480642975526
2023-02-04,0.6463944958685626
2023-02-05,-0.6652265063327252
2023-02-06,0.9698600167316898
2023-02-07,0.49334538144029105
2023-02-08,-0.410771767231054
2023-02-09,0.6143860764285838
2023-02-10,-0.8967922755498192
2023-02-11,0.7689744044120008
2023-02-12,-0.383088980393415
2023-02-13,-0.6730342662378743
2023-02-14,0.7224378093112305
2023-02-15,0.528511505065784
2023-02-16,-0.7685884452987506
2023-02-17,-0.30442711935065825
2023-02-18,-0.8607539447622055
2023-02-19,0.2892271936445745
2023-02-20,0.3055873498330477
2023-02-21,-0.22315394619976248
2023-02-22,0.3220552888192225
2023-02-23,-0.45711059606298465
2023-02-24,-0.7955620296888519
2023-02-25,-0.14447880112895106
2023-02-26,0.8601745979593669
2023-02-27,-0.7933558622056105
2023-02-28,0.6612198186290326
2023-03-01,-0.889460587241333
2023-03-02,0.8410279596186596
2023-03-03,-0.33825444201221755
2023-03-04,0.36548285081667187
2023-03-05,0.554494551526121
2023-03-06,0.014762589592495878
2023-03-07,0.8865475945807137
2023-03-08,0.5413841045151733
2023-03-09,-0.14467957137916
2023-03-10,-0.8011650824382728
2023-03-11,0.6669774280117791
2023-03-12,0.82334754342326
2023-03-13,-0.0533516703040271
2023-03-14,-0.8286049429096622
2023-03-15,-0.12246800165375671
2023-03-16,0.552620504858278
2023-03-17,-0.17704912912061088
2023-03-18,0.04276938669780339
2023-03-19,0.2634250856687861
2023-03-20,0.5830390362256985
2023-03-21,0.6322640631015974
2023-03-22,-0.5691800533655071
2023-03-23,-0.3645304390441726
2023-03-24,0.12363274235919985
2023-03-25,0.4889714371867109
2023-03-26,-0.5990544410048135
2023-03-27,-0.7881846427518437
2023-03-28,-0.9178890681014265
2023-03-29,0.39042293417288065
2023-03-30,0.20070860625811182
2023-03-31,-0.9291252907423317
2023-04-01,-0.30370061190774145
2023-04-02,-0.6444823582543149
2023-04-03,-0.5691399221495839
2023-04-04,0.9837973360721548
2023-04-05,-0.06451327396989792
2023-04-06,-0.5630024841959722
2023-04-07,0.8668184377185022
2023-04-08,-0.4610822256469316
2023-04-09,-0.9504729146606665
2023-04-10,0.7652349748465135
2023-04-11,0.46605444419445896
2023-04-12,-0.1436303321759751
2023-04-13,-0.3401053094590918
2023-04-14,-0.259885296406384
2023-04-15,-0.652497291511053
2023-04-16,-0.9174785650410464
2023-04-17,-0.64334767047006
2023-04-18,0.08659326258998656
2023-04-19,-0.7181312620023506
2023-04-20,-0.9046110365913205
2023-04-21,0.4907158768460318
2023-04-22,-0.7444389974041661
2023-04-23,0.8685629074270094
2023-04-24,-0.2902390013852232
2023-04-25,-0.271553211367912
2023-04-26,0.9240454016844399
2023-04-27,-0.5790880067117863
2023-04-28,0.6638841096932482
2023-04-29,0.2656791268391001
2023-04-30,-0.6802581769857088
2023-05-01,-0.1683248044025607
2023-05-02,-0.2700131404249646
2023-05-03,0.8716854768959017
2023-05-04,0.7255904995449669
2023-05-05,-0.8464674589116004
2023-05-06,0.3889070906700729
2023-05-07,0.7847026478627905
2023-05-08,0.3557051087466785
2023-05-09,0.09914176165198274
2023-05-10,0.5616637822485089
2023-05-11,0.1197018726594481
2023-05-12,-0.9678561393179981
2023-05-13,-0.6818991138737598
2023-05-14,0.15394899010260898
2023-05-15,-0.08543790106959404
2023-05-16,0.564128242869224
2023-05-17,0.9788974069963254
2023-05-18,0.9403242818542972
2023-05-19,0.356484539665493
2023-05-20,-0.024447703442765478
2023-05-21,-0.14517724096601548
2023-05-22,-0.6138251458893975
2023-05-23,-0.3822979163920588
2023-05-24,0.9862397027778014
2023-05-25,0.09566278753292501
2023-05-26,-0.6107743536833603
2023-05-27,0.01620109142112014
2023-05-28,-0.0785126165904737
2023-05-29,-0.48816502857566535
2023-05-30,0.41056835307360307
2023-05-31,0.7679573016413426
2023-06-01,-0.8892801092174365
2023-06-02,0.4374632484439662
2023-06-03,0.29799358234574846
2023-06-04,0.22751244897506173
2023-06-05,-0.7598877148199565
2023-06-06,0.5478793342920465
2023-06-07,0.3099498830292615
2023-06-08,0.12886957383679976
2023-06-09,-0.5962915772843049
2023-06-10,0.9326763094717694
2023-06-11,-0.10403672986039347
2023-06-12,0.6157535529007789
2023-06-13,-0.3973273554756105
2023-06-14,0.3568686845043285
2023-06-15,-0.11345232515662995
2023-06-16,0.713296077390301
2023-06-17,-0.3372612722025068
2023-06-18,-0.2981251985374487
2023-06-19,0.282867664968103
2023-06-20,-0.14206034170589077
2023-06-21,-0.35732716240209883
2023-06-22,-0.10830430355908294
2023-06-23,-0.5606901365340464
2023-06-24,0.724855171839101
2023-06-25,-0.2792997340576875
2023-06-26,0.7112747961207269
2023-06-27,0.40257728672433357
2023-06-28,-0.5269124454546361
2023-06-29,-0.16041685699760344
2023-06-30,0.39659107644016567
2023-07-01,-0.6996986452697089
2023-07-02,-0.3342714831754565
2023-07-03,-0.5893439798941336
2023-07-04,-0.5925315014182146
2023-07-05,0.2641898881991107
2023-07-06,0.8202376888788834
2023-07-07,0.1702180437786156
2023-07-08,-0.3693991955185427
2023-07-09,-0.7224281058957007
2023-07-10,-0.5670945462857537
2023-07-11,-0.26154722588071677
2023-07-12,-0.9439120481340517
2023-07-13,-0.2699999687108303
2023-07-14,0.5352892732254566
2023-07-15,-0.5594930854852451
2023-07-16,-0.4468419882131236
2023-07-17,-0.4235675955065663
2023-07-18,-0.2067168392489176
2023-07-19,0.6237531596175412
2023-07-20,0.7213543875521988
2023-07-21,-0.0692691244081769
2023-07-22,-0.4253621114517623
2023-07-23,-0.8268757284419868
2023-07-24,0.17152277465705668
2023-07-25,-0.29423144662447687
2023-07-26,0.6921240065798255
2023-07-27,0.4069546230597516
2023-07-28,0.349852937099264
2023-07-29,0.4205278863067108
2023-07-30,-0.8137389811308642
2023-07-31,0.12281142903222642
2023-08-01,0.5065724867725301
2023-08-02,-0.33602803504179235
2023-08-03,0.17690920802406307
2023-08-04,-0.9734222205718066
2023-08-05,0.8741066711616077
2023-08-06,0.37672781229030416
2023-08-07,0.6933362336751925
2023-08-08,-0.35427086214242665
2023-08-09,-0.5876508026408993
2023-08-10,0.5673073457886091
2023-08-11,-0.3762877444994266
2023-08-12,-0.13873018969689954
2023-08-13,-0.11899947038027436
2023-08-14,0.7427264910461664
2023-08-15,0.6546997397461853
2023-08-16,-0.1913877511986053
2023-08-17,-0.424040116223948
2023-08-18,-0.12642713542072892
2023-08-19,-0.27213210860910575
2023-08-20,0.5581766587776713
2023-08-21,-0.4654786810042326
2023-08-22,0.9890553228510903
2023-08-23,-0.983489602105803
2023-08-24,-0.6264847508892466
2023-08-25,-0.7815409237686353
2023-08-26,-0.4999338906664623
2023-08-27,-0.5761819998867026
2023-08-28,0.83416557002909
2023-08-29,-0.7420151805832591
2023-08-30,0.3315108147882879
2023-08-31,-0.40683947409492505
2023-09-01,0.3063863119784658
2023-09-02,0.24385953793364679
2023-09-03,-0.48214482439966977
2023-09-04,0.6488381254308491
2023-09-05,-0.9929772730084108
2023-09-06,0.5150774611580315
2023-09-07,0.158182051640944
2023-09-08,-0.6222417285312596
2023-09-09,0.4589234050358748
2023-09-10,-0.3477343573630147
2023-09-11,-0.8912055506229486
2023-09-12,0.28361979354145417
2023-09-13,-0.4036746830913822
2023-09-14,0.09834887706521789
2023-09-15,-0.6903858930631097
2023-09-16,-0.4861896415018856
2023-09-17,0.6192620864650857
2023-09-18,0.8788568702913986
2023-09-19,-0.5860543839074996
2023-09-20,0.7972146044668647
2023-09-21,-0.7201956572189228
2023-09-22,0.3136822122739824
2023-09-23,-0.4165403710586706
2023-09-24,-0.6443771794512032
2023-09-25,0.42252658354624617
2023-09-26,-0.7646932416597452
2023-09-27,-0.8271426198480618
2023-09-28,0.810290007184929
2023-09-29,0.48953523608457106
2023-09-30,-0.8817875527227901
2023-10-01,0.5068122289396613
2023-10-02,-0.7826939950932181
2023-10-03,-0.9438776016191552
2023-10-04,-0.917430754742939
2023-10-05,-0.93091996496047
2023-10-06,0.43636317091387666
2023-10-07,0.5924176585387808
2023-10-08,0.9850365690351417
2023-10-09,0.7407119224949907
2023-10-10,-0.28302148095103785
2023-10-11,0.31534937889606507
2023-10-12,0.7348323739249922
2023-10-13,0.10951820502210863
2023-10-14,0.03388594016648083
2023-10-15,0.9165471232459628
2023-10-16,0.25292312466236044
2023-10-17,-0.4044264191224711
2023-10-18,0.27973503898219754
2023-10-19,0.6890169190552473
2023-10-20,-0.9131756006101583
2023-10-21,0.8643356788546819
2023-10-22,0.2364780175736847
2023-10-23,0.1857906394238158
2023-10-24,-0.18721597436479298
2023-10-25,0.10274749551047568
2023-10-26,-0.19911772473184652
2023-10-27,-0.8020283341800809
2023-10-28,-0.393067240593298
2023-10-29,0.07306887190590383
2023-10-30,0.41799136045226803
2023-10-31,0.10231673511318795
2023-11-01,-0.7099841827595199
2023-11-02,0.4249670412658355
2023-11-03,0.9125146942538198
2023-11-04,0.6662192518128776
2023-11-05,0.9067843347720277
2023-11-06,0.5415317300448559
2023-11-07,0.3609964720983625
2023-11-08,-0.46510731458201016
2023-11-09,-0.4850444673742327
2023-11-10,0.7556352649268769
2023-11-11,-0.39744013427217695
2023-11-12,-0.503138343712725
2023-11-13,-0.6125936580426168
2023-11-14,0.2558408791206255
2023-11-15,0.48022884201013594
2023-11-16,0.871556045191539
2023-11-17,0.12321454659335052
2023-11-18,0.07379760151436976
2023-11-19,-0.7575972255424908
2023-11-20,-0.5866219977451028
2023-11-21,0.8514384881249253
2023-11-22,-0.2771335725264801
2023-11-23,-0.29922075633542033
2023-11-24,-0.27904828823329564
2023-11-25,-0.13255155223738946
2023-11-26,0.9651310368682267
2023-11-27,0.9888023147111362
2023-11-28,-0.5179162399081749
2023-11-29,-0.837282946012549
2023-11-30,-0.8450195845860728
2023-12-01,0.04229753903177835
2023-12-02,-0.6141968024691846
2023-12-03,-0.7301029766406824
2023-12-04,0.025850992330802347
2023-12-05,-0.15632599258433655
2023-12-06,-0.7963518661006761
2023-12-07,0.13279587322733177
2023-12-08,-0.2263192528478477
2023-12-09,0.08920625032286122
2023-12-10,0.19174887933314655
2023-12-11,0.647676224344317
2023-12-12,-0.8632910033323842
2023-12-13,-0.38471350384660763
2023-12-14,0.5384123077132679
2023-12-15,-0.6943470389617916
2023-12-16,0.516477021614868
2023-12-17,-0.9264382706105907
2023-12-18,-0.8770054931805418
2023-12-19,-0.7241153622738066
2023-12-20,0.40528357530191617
2023-12-21,-0.7442894941758111
2023-12-22,0.9729830955977601
2023-12-23,-0.20748089236644485
2023-12-24,0.7284754852096711
2023-12-25,0.9087546414646914
2023-12-26,0.7561819072071676
2023-12-27,-0.5427762657924651
2023-12-28,0.9736620963271463
2023-12-29,-0.739512771364407
2023-12-30,0.20691041521272657
2023-12-31,0.5306500429003753
